{"0": {"time": 1710787602, "score": 1}, "1": {"time": 1715694524, "score": 2551}, "2": {"time": 1715694553, "score": 4770}, "3": {"time": 1715694841, "score": 5892.481397895646}, "4": {"time": 1715694940, "score": 8156}, "5": {"time": 1715695063, "score": 9889.514395082655}}