{"0": {"time": 1710787602, "score": 1}, "1": {"time": 1715423446, "score": 1643.709059681697}, "2": {"time": 1715436811, "score": 10076.829095405334}, "3": {"time": 1715437170, "score": 32881}, "4": {"time": 1715438228, "score": 38013}}